"DESCRIPTION","DURATION IN MS","NAME","PARENT SUITE","START TIME","STATUS","STOP TIME","SUB SUITE","SUITE","TEST CLASS","TEST METHOD"
"Verifies that clicking Close on the Edit modal after renaming a tag leaves the tags unchanged.","2473","test_edit_modal_close_button_discards_tag_rename[chrome-fullhd]","tests.ui","2026-10-06","skipped","2026-10-06","","test_task_management_ui","",""
"Verifies that ownership enforcement on DELETE holds regardless of the auth scheme used.","675","test_non_owner_cannot_delete_task_via_token_auth","tests.api","2026-10-06","skipped","2026-10-06","","test_authorization","",""
"Verifies that registering with no 'username' key is a clean validation error.","472","test_register_user_missing_username_is_rejected","tests.api","2026-10-06","passed","2026-10-06","","test_users","",""
"Verifies that creating a task with a title and tags returns it with server-assigned defaults.","572","test_create_task_returns_created_task","tests.api","2026-10-06","passed","2026-10-06","","test_tasks","",""
"Verifies that fetching a well-formed but never-created id returns 404 with an explanatory message.","481","test_get_nonexistent_tag_returns_404","tests.api","2026-10-06","skipped","2026-10-06","","test_tags","",""
"Verifies that calling authenticate twice in a row with the same credentials returns the same token.","589","test_repeated_authenticate_returns_the_same_token","tests.api","2026-10-06","passed","2026-10-06","","test_authentication","",""
"Verifies that token auth succeeds regardless of the password value sent alongside the token.","890","test_token_auth_ignores_password_value","tests.api","2026-10-06","passed","2026-10-06","","test_authentication","",""
"Verifies that clicking Close on the Edit modal after toggling Done leaves the status unchanged.","4244","test_edit_modal_close_button_discards_done_change[chrome-fullhd]","tests.ui","2026-10-06","passed","2026-10-06","","test_task_management_ui","",""
"Verifies that the Add Task modal is titled distinctly from the Edit Task modal.","1892","test_add_task_modal_has_its_own_title[chrome-fullhd]","tests.ui","2026-10-06","skipped","2026-10-06","","test_task_management_ui","",""
"Verifies that omitting the required 'title' field is a clean validation error, not a server crash.","473","test_create_task_missing_title_field_is_rejected","tests.api","2026-10-06","skipped","2026-10-06","","test_tasks","",""
"Verifies that authenticating with a wrong password is rejected, not silently given a token.","493","test_authenticate_with_wrong_password_is_rejected","tests.api","2026-10-06","passed","2026-10-06","","test_authentication","",""
"Verifies that an action taken with an invalid/expired session shows the same 401 warning.","6332","test_expired_session_shows_warning_during_action[chrome-fullhd]","tests.ui","2026-10-06","skipped","2026-10-06","","test_authentication_ui","",""
"Verifies that tag names at or under the documented 20-char limit are accepted unmodified.","566","test_tag_name_within_limit_is_accepted[19]","tests.api","2026-10-06","passed","2026-10-06","","test_tags","",""
"Verifies that reopening Add Task after a successful create shows a blank form.","3989","test_add_task_modal_inputs_are_cleared_after_submit[chrome-fullhd]","tests.ui","2026-10-06","skipped","2026-10-06","","test_task_management_ui","",""
"Verifies that registering a user with a fresh username/password succeeds.","551","test_register_user_succeeds","tests.api","2026-10-06","passed","2026-10-06","","test_users","",""
"Verifies that deleting a task identifies the deleted resource in its response, not an empty body.","1065","test_delete_response_includes_deleted_task_id","tests.api","2026-10-06","skipped","2026-10-06","","test_tasks","",""
"Verifies that signing in with valid credentials switches the navbar to the signed-in state.","2059","test_sign_in_with_valid_credentials_shows_signed_in_state[chrome-fullhd]","tests.ui","2026-10-06","passed","2026-10-06","","test_authentication_ui","",""
"Verifies that PATCH can flip `done` false->true and back to false, returning the updated task.","966","test_task_done_flag_toggles_both_directions","tests.api","2026-10-06","passed","2026-10-06","","test_tasks","",""
"Verifies that a title over the documented 20-char limit is rejected, not silently accepted.","580","test_task_title_exceeding_limit_is_rejected","tests.api","2026-10-06","skipped","2026-10-06","","test_tasks","",""
"Verifies that fetching a tag by id, parsed from the tags list, returns its detail.","980","test_get_tag_by_id_returns_tag_detail","tests.api","2026-10-06","passed","2026-10-06","","test_tags","",""
"Verifies that registering an already-taken username twice is a clean 4xx, not a server crash.","673","test_register_duplicate_username_is_rejected_cleanly","tests.api","2026-10-06","skipped","2026-10-06","","test_users","",""
"Verifies that signing out switches the navbar back to the signed-out form.","11936","test_sign_out_hides_authenticated_controls[chrome-fullhd]","tests.ui","2026-10-06","passed","2026-10-06","","test_authentication_ui","",""
"Verifies that clicking Close on the Add modal does not create the task.","5559","test_add_task_close_button_discards_task[chrome-fullhd]","tests.ui","2026-10-06","passed","2026-10-06","","test_task_management_ui","",""
"Verifies that the tags list endpoint responds with 200.","451","test_tags_endpoint_is_reachable","tests.api","2026-10-06","passed","2026-10-06","","test_health_smoke","",""
"Verifies that fetching a task by id (no auth needed) returns the task that was created.","1176","test_get_task_returns_matching_task","tests.api","2026-10-06","passed","2026-10-06","","test_tasks","",""
"Verifies that toggling Done via the Edit modal's checkbox updates the row's status.","5102","test_edit_modal_done_checkbox_toggles_task_status[chrome-fullhd]","tests.ui","2026-10-06","passed","2026-10-06","","test_task_management_ui","",""
"Verifies that deleting a task twice leaves it gone both times, even if the status codes differ.","1489","test_delete_is_idempotent_in_effect","tests.api","2026-10-06","passed","2026-10-06","","test_tasks","",""
"Verifies that a signed-in non-owner sees no Edit/Delete/Mark buttons on another user's task.","3749","test_non_owner_cannot_see_edit_or_delete_buttons[chrome-fullhd]","tests.ui","2026-10-06","passed","2026-10-06","","test_authorization_ui","",""
"Verifies that the page title spells ""ToDo"" the same way both times it appears.","729","test_page_title_is_spelled_consistently[chrome-fullhd]","tests.ui","2026-10-06","skipped","2026-10-06","","test_ui_smoke","",""
"Verifies that two creates with the identical body both succeed, each creating a distinct task.","809","test_put_duplicate_title_in_quick_succession","tests.api","2026-10-06","skipped","2026-10-06","","test_tasks","",""
"Verifies that two consecutive failed sign-ins still show exactly one warning banner.","3125","test_repeated_failed_sign_in_does_not_stack_duplicate_warnings[chrome-fullhd]","tests.ui","2026-10-06","skipped","2026-10-06","","test_authentication_ui","",""
"Verifies that ownership enforcement on PATCH holds regardless of the auth scheme used.","1244","test_non_owner_cannot_patch_task_via_token_auth","tests.api","2026-10-06","passed","2026-10-06","","test_authorization","",""
"Verifies that titles at or under the documented 20-char limit are accepted unmodified.","554","test_task_title_within_limit_is_accepted[20]","tests.api","2026-10-06","passed","2026-10-06","","test_tasks","",""
"Verifies that an expired token is rejected, not silently honored.","473","test_expired_token_is_rejected","tests.api","2026-10-06","passed","2026-10-06","","test_authentication","",""
"Verifies that signing in with a wrong password shows the warning banner and stays signed out.","12587","test_sign_in_with_wrong_password_shows_warning[chrome-fullhd]","tests.ui","2026-10-06","passed","2026-10-06","","test_authentication_ui","",""
"Verifies that tag names at or under the documented 20-char limit are accepted unmodified.","596","test_tag_name_within_limit_is_accepted[20]","tests.api","2026-10-06","passed","2026-10-06","","test_tags","",""
"Verifies that clicking Close on the Edit modal after changing the title leaves it unchanged.","7208","test_edit_modal_close_button_discards_title_change[chrome-fullhd]","tests.ui","2026-10-06","passed","2026-10-06","","test_task_management_ui","",""
"Verifies that applying the exact same PATCH body twice leaves the task in the same end state.","939","test_patch_same_update_twice_is_idempotent_in_effect","tests.api","2026-10-06","passed","2026-10-06","","test_tasks","",""
"Verifies that fetching a deleted task still returns a 404 with an explanatory message, not {}.","1663","test_get_deleted_task_returns_404_with_message","tests.api","2026-10-06","skipped","2026-10-06","","test_tasks","",""
"Verifies that submitting Add Task with Tags left untouched still creates the task.","12591","test_add_task_with_untouched_tags_field_is_still_created[chrome-fullhd]","tests.ui","2026-10-06","skipped","2026-10-06","","test_task_management_ui","",""
"Verifies that a token with a tampered or stripped signature is rejected, not silently honored.","966","test_forged_token_with_tampered_exp_is_rejected","tests.api","2026-10-06","passed","2026-10-06","","test_authentication","",""
"Verifies that no auth at all on a protected endpoint is rejected, not silently defaulted.","455","test_missing_auth_is_rejected_on_protected_endpoint","tests.api","2026-10-06","passed","2026-10-06","","test_authentication","",""
"Verifies that the web app loads and renders the task table.","566","test_web_app_loads[chrome-fullhd]","tests.ui","2026-10-06","passed","2026-10-06","","test_ui_smoke","",""
"Verifies that Basic auth is accepted on a protected endpoint.","610","test_basic_auth_allows_task_creation","tests.api","2026-10-06","passed","2026-10-06","","test_authentication","",""
"Verifies that an empty title is rejected, not silently accepted as a valid task.","555","test_task_empty_title_is_rejected","tests.api","2026-10-06","skipped","2026-10-06","","test_tasks","",""
"Verifies that fetching a well-formed but never-created id returns 404 with an explanatory message.","974","test_get_nonexistent_task_returns_404","tests.api","2026-10-06","skipped","2026-10-06","","test_tasks","",""
"Verifies that the tasks list endpoint responds with 200 and a JSON list of tasks.","505","test_root_endpoint_is_reachable","tests.api","2026-10-06","passed","2026-10-06","","test_health_smoke","",""
"Verifies that the tags list includes a tag auto-created via a task, keyed by tag name.","693","test_list_tags_includes_newly_created_tag","tests.api","2026-10-06","passed","2026-10-06","","test_tags","",""
"Verifies that a non-owner PATCH is rejected with 403 and the task is left unmodified.","1585","test_non_owner_cannot_patch_task","tests.api","2026-10-06","passed","2026-10-06","","test_authorization","",""
"Verifies that the Edit modal offers a way to add/remove tags, not just rename existing ones.","2438","test_edit_modal_supports_adding_and_removing_tags[chrome-fullhd]","tests.ui","2026-10-06","skipped","2026-10-06","","test_task_management_ui","",""
"Verifies that Mark Done flips the row's label to Done, and Mark In Progress flips it back.","4084","test_mark_done_then_mark_in_progress_toggles_label[chrome-fullhd]","tests.ui","2026-10-06","passed","2026-10-06","","test_task_management_ui","",""
"Verifies that adding a task via the modal renders it in the table for the signed-in owner.","2868","test_add_task_appears_in_list[chrome-fullhd]","tests.ui","2026-10-06","passed","2026-10-06","","test_task_management_ui","",""
"Verifies that reusing another user's password on a new username is a clean 4xx, not a server crash.","502","test_register_user_with_password_matching_existing_user_is_rejected_cleanly","tests.api","2026-10-06","skipped","2026-10-06","","test_users","",""
"Verifies that signing out clears the username/password inputs, not just the signed-in state.","11556","test_sign_out_clears_credential_inputs[chrome-fullhd]","tests.ui","2026-10-06","skipped","2026-10-06","","test_authentication_ui","",""
"Verifies that Basic auth with a wrong password is rejected on a protected endpoint.","481","test_basic_auth_with_wrong_password_is_rejected","tests.api","2026-10-06","passed","2026-10-06","","test_authentication","",""
"Verifies that editing a task's title via the modal updates the rendered row in place.","4135","test_edit_task_title_updates_row[chrome-fullhd]","tests.ui","2026-10-06","passed","2026-10-06","","test_task_management_ui","",""
"Verifies that a task created by a different user still appears in the list, with its owner shown.","1733","test_other_users_task_is_visible_in_shared_list[chrome-fullhd]","tests.ui","2026-10-06","passed","2026-10-06","","test_authorization_ui","",""
"Verifies that an unknown username fails the same way as a wrong password, preventing enumeration.","612","test_unknown_username_and_wrong_password_return_identical_error","tests.api","2026-10-06","passed","2026-10-06","","test_authentication","",""
"Verifies that titles at or under the documented 20-char limit are accepted unmodified.","616","test_task_title_within_limit_is_accepted[19]","tests.api","2026-10-06","passed","2026-10-06","","test_tasks","",""
"Verifies that a garbage/never-issued token is rejected on a protected endpoint.","864","test_invalid_token_is_rejected","tests.api","2026-10-06","passed","2026-10-06","","test_authentication","",""
"Verifies that token auth (token-as-username) is accepted on a protected endpoint.","221","test_token_auth_allows_task_creation","tests.api","2026-10-06","passed","2026-10-06","","test_authentication","",""
"Verifies that deleting a task via the row button removes it from the table.","4909","test_delete_task_removes_row[chrome-fullhd]","tests.ui","2026-10-06","passed","2026-10-06","","test_task_management_ui","",""
"Verifies that registering with no 'password' key is a clean validation error.","492","test_register_user_missing_password_is_rejected","tests.api","2026-10-06","passed","2026-10-06","","test_users","",""
"Verifies that a tag name over the documented 20-char limit is rejected, not crashing the request.","926","test_tag_name_exceeding_limit_is_rejected","tests.api","2026-10-06","skipped","2026-10-06","","test_tags","",""
"Verifies that the response body never reflects the submitted password back to the caller.","530","test_register_user_response_does_not_echo_password","tests.api","2026-10-06","passed","2026-10-06","","test_users","",""
"Verifies that authenticating with correct credentials returns a token and the documented TTL.","866","test_authenticate_with_valid_credentials_returns_token","tests.api","2026-10-06","passed","2026-10-06","","test_authentication","",""
"Verifies that a non-owner DELETE is rejected, per the spec's ownership requirement.","1195","test_non_owner_cannot_delete_task","tests.api","2026-10-06","skipped","2026-10-06","","test_authorization","",""
"Verifies that two tasks created with the same tag name share a single tag entry.","1526","test_tag_is_deduplicated_across_tasks","tests.api","2026-10-06","passed","2026-10-06","","test_tags","",""
